Name,n,m,LB,UB,Optimal,UBFoundBy,Permutation
Ta001,20,5,1278,1278,1,0, 17 3 9 14 11 15 6 4 5 18 7 8 16 10 19 1 2 13 20 12
Ta002,20,5,1359,1359,1,0, 6 10 17 7 14 3 19 15 20 12 9 11 2 13 18 5 16 1 4 8
Ta003,20,5,1081,1081,1,0, 3 4 16 14 13 19 20 18 12 1 7 5 9 10 17 11 6 8 15 2
Ta004,20,5,1293,1293,1,0, 13 17 19 9 16 11 7 5 12 15 10 1 20 2 14 4 8 6 3 18
Ta005,20,5,1235,1235,1,0, 10 3 12 5 19 9 4 17 16 6 2 15 13 11 14 7 18 1 20 8
Ta006,20,5,1195,1195,1,0, 11 14 13 16 17 9 12 15 1 7 6 19 4 18 20 10 8 2 5 3
Ta007,20,5,1234,1234,1,0, 10 2 13 1 19 17 16 20 15 3 8 4 11 5 6 9 7 12 14 18
Ta008,20,5,1206,1206,1,0, 17 12 6 2 9 5 16 19 8 14 4 20 15 7 13 10 18 1 3 11
Ta009,20,5,1230,1230,1,0, 4 12 10 2 8 1 16 3 20 6 11 17 18 19 13 14 7 15 9 5
Ta010,20,5,1108,1108,1,0, 11 7 16 5 12 6 8 3 10 14 20 13 1 2 18 19 15 17 4 9
Ta011,20,10,1582,1582,1,0, 18 5 2 12 9 10 4 14 13 15 17 3 6 19 8 20 11 7 1 16
Ta012,20,10,1659,1659,1,0, 19 15 12 13 17 9 2 16 1 5 11 20 7 4 10 8 14 3 6 18
Ta013,20,10,1496,1496,1,0, 4 7 9 5 2 13 16 1 20 15 11 6 10 3 17 14 19 12 18 8
Ta014,20,10,1377,1377,1,0, 3 11 6 20 10 12 16 18 13 7 1 9 2 15 14 8 19 4 5 17
Ta015,20,10,1419,1419,1,0, 16 8 4 18 14 15 3 17 13 12 6 19 1 11 2 20 9 7 5 10
Ta016,20,10,1397,1397,1,0, 19 8 20 18 9 6 4 3 12 11 14 13 7 16 17 5 10 15 2 1
Ta017,20,10,1484,1484,1,0, 4 7 19 1 6 17 13 18 9 12 5 20 2 10 11 3 16 14 8 15
Ta018,20,10,1538,1538,1,0, 7 19 4 18 2 9 20 15 8 16 14 1 10 17 3 5 13 6 11 12
Ta019,20,10,1593,1593,1,0, 14 12 20 8 11 18 16 7 15 4 13 1 3 17 2 19 10 5 6 9
Ta020,20,10,1591,1591,1,0, 5 12 13 19 8 6 17 7 10 18 4 3 16 15 20 14 2 9 1 11
Ta021,20,20,2297,2297,1,0, 16 18 14 7 13 8 15 9 6 20 17 12 10 11 5 1 2 4 3 19
Ta022,20,20,2099,2099,1,0, 18 11 6 12 4 15 1 16 19 13 8 14 3 10 20 5 9 7 17 2
Ta023,20,20,2326,2326,1,0, 18 19 4 1 13 5 14 8 9 15 11 3 12 17 16 6 20 10 2 7
Ta024,20,20,2223,2223,1,0, 14 3 18 16 4 8 13 20 2 15 12 6 1 7 5 19 10 17 9 11
Ta025,20,20,2291,2291,1,0, 10 9 1 15 3 18 20 4 13 2 16 19 11 17 12 14 5 7 8 6
Ta026,20,20,2226,2226,1,0, 6 13 18 1 2 15 8 16 10 5 9 17 11 20 3 7 12 4 14 19
Ta027,20,20,2273,2273,1,0, 17 5 12 9 7 14 16 11 20 15 4 6 19 2 8 18 1 10 3 13
Ta028,20,20,2200,2200,1,0, 4 20 5 16 10 7 2 17 11 18 14 19 13 12 3 15 6 8 1 9
Ta029,20,20,2237,2237,1,0, 1 8 14 6 2 13 7 18 17 4 3 11 15 20 9 10 12 16 19 5
Ta030,20,20,2178,2178,1,0, 3 7 12 6 13 18 1 2 15 10 11 5 17 4 19 8 20 9 16 14
Ta031,50,5,2724,2724,1,0, 31 10 17 32 50 41 30 38 13 6 46 39 24 3 40 1 42 25 7 2 34 26 18 11 22 4 47 15 29 43 9 28 16 8 21 5 14 27 45 33 49 23 12 44 20 48 37 35 19 36
Ta032,50,5,2834,2834,1,0, 50 10 49 15 42 36 44 5 37 38 2 6 22 20 18 33 28 19 32 43 21 45 46 39 7 13 40 26 35 48 9 17 27 16 25 30 12 24 1 31 41 8 29 14 23 47 3 11 34 4
Ta033,50,5,2621,2621,1,0, 27 8 2 22 23 37 18 15 36 1 16 29 17 28 49 26 6 31 32 3 40 25 5 11 43 34 41 9 19 24 10 20 45 46 4 47 42 38 33 48 44 13 50 30 7 35 39 21 14 12
Ta034,50,5,2751,2751,1,0, 42 30 49 2 28 22 14 26 15 37 50 27 32 7 25 4 24 19 47 3 35 45 9 21 18 29 5 36 20 40 48 1 17 33 11 10 41 8 34 39 16 13 43 38 31 46 12 23 6 44
Ta035,50,5,2863,2863,1,0, 46 27 30 44 48 29 3 32 7 28 5 35 34 14 19 21 40 11 39 37 17 16 12 15 23 8 49 25 38 1 43 22 41 2 47 26 20 36 31 4 33 18 24 6 45 50 10 13 9 42
Ta036,50,5,2829,2829,1,0, 47 21 4 5 28 22 29 44 48 24 11 3 10 50 19 6 42 39 37 30 23 49 18 15 7 17 35 13 2 45 38 36 20 32 14 8 34 43 16 9 33 40 41 46 25 27 26 1 12 31
Ta037,50,5,2725,2725,1,0, 27 5 38 43 21 49 37 14 15 39 18 41 30 46 24 23 10 12 9 29 33 35 31 11 48 3 6 32 44 2 26 20 17 7 45 4 22 50 34 1 19 36 13 40 42 8 47 16 25 28
Ta038,50,5,2683,2683,1,0, 34 47 7 10 25 14 26 15 27 5 8 9 18 33 1 36 20 43 30 50 12 31 32 3 29 19 46 48 11 39 16 6 45 44 28 41 24 21 37 49 42 35 22 13 17 2 4 23 38 40
Ta039,50,5,2552,2552,1,0, 13 10 46 27 24 7 1 3 40 16 43 37 47 28 45 44 15 41 18 32 2 38 6 34 22 36 35 26 49 23 11 25 48 5 33 30 20 19 39 42 21 9 4 31 29 12 8 50 17 14
Ta040,50,5,2782,2782,1,0, 6 30 50 48 31 8 44 34 15 37 21 29 33 27 28 19 11 35 49 39 16 43 24 2 7 10 20 3 47 38 17 14 40 4 12 41 45 42 46 9 5 36 13 23 25 22 18 1 26 32
Ta041,50,10,2991,2991,1,0, 44 33 18 37 34 30 6 26 14 20 49 43 36 42 3 31 25 15 38 4 16 19 40 23 11 35 29 28 17 22 47 13 5 2 12 45 32 46 21 41 50 8 10 9 7 24 27 1 48 39
Ta042,50,10,2867,2867,1,0, 49 3 33 28 23 14 12 42 47 38 37 1 50 35 10 7 20 9 39 34 21 6 17 8 25 40 44 18 29 16 31 46 43 27 26 22 4 19 36 24 41 32 5 30 13 2 45 11 15 48
Ta043,50,10,2839,2839,1,0, 24 4 10 28 25 46 45 2 9 7 47 16 31 3 34 11 38 29 33 32 42 20 40 48 43 19 44 1 5 6 41 13 50 21 17 18 15 30 12 14 49 23 37 35 26 39 27 36 22 8
Ta044,50,10,3063,3063,1,0, 20 5 34 13 28 33 10 39 23 19 31 16 8 11 17 14 48 1 37 22 40 41 25 35 4 38 2 49 36 45 12 15 47 32 43 6 3 21 24 46 26 18 50 29 9 42 44 30 27 7
Ta045,50,10,2976,2976,1,0, 6 10 42 48 11 33 30 1 35 5 9 7 40 49 16 12 45 47 2 46 38 44 14 31 3 26 24 25 15 17 8 22 27 34 39 13 18 20 41 21 4 37 50 28 19 43 23 29 36 32
Ta046,50,10,3006,3006,1,0, 3 24 42 40 28 37 33 11 9 1 29 39 27 26 49 18 48 46 36 25 5 30 14 22 38 2 13 15 10 50 6 43 45 16 32 47 4 8 20 34 41 7 21 35 23 17 31 44 19 12
Ta047,50,10,3093,3093,1,0, 20 6 2 37 1 17 9 28 5 10 45 3 13 49 32 16 15 46 12 24 42 7 43 14 19 47 29 39 8 22 11 35 50 4 21 25 27 48 23 40 38 30 44 31 33 26 34 41 18 36
Ta048,50,10,3037,3037,1,0, 26 41 6 47 1 35 9 44 37 45 33 14 50 42 19 18 46 25 27 10 2 12 22 8 48 49 5 16 29 32 4 24 21 17 13 34 38 3 15 20 23 43 30 36 31 11 7 28 40 39
Ta049,50,10,2897,2897,1,0, 33 44 47 27 21 45 13 1 16 39 23 4 18 22 31 12 48 11 24 3 2 26 5 17 35 43 46 41 36 6 8 42 14 40 9 50 29 34 28 32 37 20 38 10 25 19 49 30 15 7
Ta050,50,10,3065,3065,1,0, 49 38 10 27 17 28 42 15 39 6 1 8 16 47 20 44 26 24 29 11 22 18 48 7 25 35 34 46 9 43 31 21 3 30 40 5 32 4 50 36 45 33 19 13 37 41 23 2 12 14
Ta051,50,20,3771,3846,0,0, 20 31 39 27 43 15 44 11 8 45 35 37 6 17 34 28 7 14 42 33 40 24 5 29 10 2 18 47 48 21 46 1 16 49 12 23 22 36 32 38 19 9 26 25 13 41 30 4 50 3
Ta052,50,20,3699,3699,1,0, 33 20 41 43 32 38 36 18 39 29 42 17 11 16 13 31 1 50 46 47 37 40 28 14 49 12 45 5 2 23 4 25 15 35 44 19 48 26 24 10 21 30 6 3 8 22 34 7 27 9
Ta053,50,20,3640,3640,1,0, 24 4 10 28 21 8 37 46 16 22 31 5 39 2 32 11 25 49 47 20 15 48 26 3 35 17 14 43 27 45 9 1 19 50 30 6 36 34 29 42 23 33 41 12 7 18 40 44 13 38
Ta054,50,20,3635,3719,0,0, 5 21 11 14 36 30 13 24 12 7 45 19 35 20 31 25 37 3 44 33 32 50 48 43 49 29 46 23 10 40 15 38 9 17 42 22 6 39 26 47 4 27 18 8 2 41 34 1 16 28
Ta055,50,20,3553,3610,0,0, 40 48 4 2 19 31 50 28 20 49 34 5 23 21 32 25 43 45 44 18 26 36 33 42 27 16 41 14 8 47 39 38 10 6 22 17 30 12 13 3 37 9 7 1 46 24 15 29 35 11
Ta056,50,20,3679,3679,1,0, 14 37 3 18 8 50 5 42 33 40 4 45 17 27 20 21 13 49 43 11 10 41 24 15 16 19 44 32 26 28 46 1 36 39 47 25 30 7 2 31 23 6 48 22 29 34 9 35 38 12
Ta057,50,20,3704,3704,1,0, 4 23 15 1 12 10 13 20 17 38 2 49 19 8 33 45 11 31 41 22 50 47 21 14 34 30 48 27 39 32 5 29 46 35 40 28 37 25 24 3 7 9 18 42 36 44 6 26 43 16
Ta058,50,20,3691,3691,1,0, 39 32 18 7 4 20 29 31 6 8 48 19 33 12 27 30 38 26 15 36 47 21 35 10 2 17 41 5 9 28 3 25 16 1 24 37 49 42 45 22 11 50 40 46 13 43 14 44 34 23
Ta059,50,20,3645,3741,0,0, 3 14 8 37 22 32 12 46 16 9 41 30 38 24 10 1 18 17 34 50 28 36 40 29 26 47 6 7 13 27 33 39 23 11 49 45 4 5 43 48 21 31 42 19 25 2 20 15 44 35
Ta060,50,20,3696,3755,0,0, 33 12 19 8 3 22 15 23 2 9 40 1 11 21 36 32 25 47 31 16 37 10 42 18 50 27 29 13 44 14 38 34 17 28 39 6 26 49 46 5 24 41 20 30 35 7 48 45 43 4
Ta061,100,5,5493,5493,1,0, 93 19 50 24 5 40 71 90 58 27 31 34 11 77 12 28 29 4 26 54 35 65 32 99 85 82 94 80 39 45 38 68 13 78 79 47 97 18 48 3 44 96 51 62 17 33 74 42 49 8 67 76 7 92 95 6 15 25 64 56 70 43 53 21 52 69 91 73 14 98 16 41 9 81 63 88 36 22 86 57 37 89 2 75 100 61 20 87 23 60 59 46 72 30 66 55 83 10 1 84
Ta062,100,5,5268,5268,1,0, 83 16 86 46 69 80 88 15 66 7 40 45 57 76 20 8 59 29 1 92 37 54 24 3 75 67 14 39 25 90 68 22 12 51 100 6 48 87 61 23 27 78 18 55 95 21 93 36 50 89 91 74 85 52 94 70 28 97 64 17 63 60 82 71 34 42 96 30 84 13 72 62 56 11 9 4 81 41 49 2 38 35 73 32 44 47 43 26 98 65 99 31 33 77 58 5 10 79 19 53
Ta063,100,5,5175,5175,1,0, 68 41 12 30 10 43 13 28 2 38 1 89 23 6 25 14 90 58 65 31 92 32 44 75 97 24 61 62 16 86 88 18 82 40 59 19 71 26 100 54 22 77 56 67 49 21 29 48 64 91 70 76 80 81 57 99 7 45 37 74 8 95 93 47 66 63 5 52 73 85 3 34 4 20 9 33 27 50 87 69 78 35 46 83 79 15 84 98 72 53 51 17 36 94 96 11 60 42 39 55
Ta064,100,5,5014,5014,1,0, 20 18 22 52 82 67 79 9 63 51 91 43 81 54 94 70 33 66 83 39 44 92 69 12 80 71 32 72 7 6 75 98 10 74 2 26 4 40 99 3 87 13 84 35 47 11 36 89 73 64 8 15 5 61 1 86 50 62 27 90 25 76 19 29 100 68 24 34 41 48 53 30 60 58 31 95 23 28 97 46 42 65 88 77 85 17 14 49 78 59 55 16 37 57 45 56 38 96 21 93
Ta065,100,5,5250,5250,1,0, 72 51 21 10 39 2 28 68 41 4 82 11 78 94 84 15 47 77 44 27 52 37 12 33 75 64 8 95 99 70 5 48 67 57 100 69 54 7 29 86 93 60 55 92 14 38 20 59 66 53 65 30 26 80 23 6 96 25 81 43 73 46 32 9 13 85 45 71 35 19 90 34 36 3 49 31 89 40 62 42 88 97 17 76 61 56 91 16 83 22 24 98 74 58 50 63 18 87 1 79
Ta066,100,5,5135,5135,1,0, 83 54 20 61 80 47 49 1 92 21 70 8 72 95 50 37 39 27 42 86 40 96 14 82 97 88 3 57 6 65 17 19 91 7 45 94 85 67 16 73 32 5 98 69 22 76 53 56 34 18 74 2 93 31 99 24 33 15 13 9 23 43 60 11 48 62 77 59 35 68 30 100 81 75 28 64 25 71 87 44 78 89 63 26 52 12 10 58 55 79 38 41 84 66 46 36 90 51 29 4
Ta067,100,5,5246,5246,1,0, 45 98 13 79 96 20 35 49 89 80 40 29 30 19 86 77 85 3 75 27 91 90 15 60 100 46 95 12 36 11 17 10 41 52 68 94 73 84 14 25 99 38 61 97 74 67 32 58 92 24 33 51 63 87 8 76 82 54 70 42 9 93 18 57 26 31 53 43 81 66 83 78 39 47 44 65 88 23 37 56 34 59 64 21 69 72 7 62 50 1 48 22 2 16 71 55 4 6 5 28
Ta068,100,5,5094,5094,1,0, 56 53 42 29 21 12 30 26 74 80 25 64 82 85 52 87 14 2 83 91 17 43 84 8 35 45 9 100 68 97 47 54 86 76 44 49 27 39 77 73 34 65 50 67 62 96 70 20 99 59 18 57 69 22 72 55 32 23 93 48 51 88 78 11 79 31 13 75 4 61 58 37 38 19 7 24 10 92 5 60 16 89 66 33 94 63 28 3 71 81 15 1 95 41 46 90 98 6 40 36
Ta069,100,5,5448,5448,1,0, 70 48 84 57 6 24 19 1 43 60 44 16 9 54 80 59 83 51 73 21 12 32 75 5 31 67 42 81 53 98 28 20 41 88 49 55 95 50 93 92 23 86 34 2 85 77 22 96 33 64 37 68 15 99 79 94 45 56 100 65 10 36 66 87 61 97 78 7 91 35 52 71 18 74 14 38 76 30 27 3 62 46 25 89 26 82 13 39 11 58 69 63 29 40 90 4 8 17 72 47
Ta070,100,5,5322,5322,1,0, 20 29 31 83 74 18 49 27 69 4 42 15 10 55 56 19 7 23 76 51 90 25 1 24 22 93 37 9 71 64 43 44 17 73 95 61 45 54 80 11 53 57 33 94 21 66 72 48 81 3 6 84 59 88 40 91 14 77 34 87 82 85 97 39 63 36 13 41 52 99 78 30 16 96 89 86 8 5 67 68 38 60 79 92 70 28 50 32 12 58 100 75 26 65 98 35 47 62 46 2
Ta071,100,10,5770,5770,1,0, 70 77 44 5 58 93 21 15 53 31 64 39 29 49 24 65 50 79 7 34 10 22 88 96 4 20 35 76 18 81 55 67 38 6 92 57 68 23 85 32 1 48 8 11 97 42 73 80 33 75 62 54 51 86 66 100 46 16 19 9 52 25 71 47 82 94 17 69 14 2 84 95 83 90 60 41 61 43 99 28 78 98 27 3 74 56 63 13 72 91 36 89 59 87 30 26 37 45 40 12
Ta072,100,10,5349,5349,1,0, 69 46 87 66 95 64 98 81 1 3 80 49 16 78 11 54 8 86 65 89 71 72 91 53 18 19 17 47 41 100 55 29 22 52 82 59 20 33 96 31 93 35 32 92 48 45 34 63 88 6 5 62 90 67 84 50 94 13 70 97 30 42 83 40 25 58 85 10 61 57 76 12 9 37 68 74 38 14 56 15 60 26 27 77 51 7 23 79 28 75 43 39 21 4 99 73 36 2 44 24
Ta073,100,10,5676,5676,1,0, 58 96 45 34 27 93 50 38 83 14 87 92 56 64 23 78 66 80 51 25 9 61 15 4 13 62 54 52 2 20 31 59 86 26 75 67 100 89 7 88 5 53 68 84 76 8 22 17 91 43 40 3 11 10 60 49 85 90 33 30 71 46 47 36 19 79 77 69 70 98 28 95 44 1 65 41 48 73 32 99 29 63 35 74 16 72 37 97 24 18 21 82 42 12 94 57 39 81 6 55
Ta074,100,10,5781,5781,1,0, 5 76 90 56 39 24 19 14 62 2 93 32 81 89 84 60 58 28 21 48 52 53 96 92 42 71 75 74 78 59 57 99 25 4 73 20 40 66 67 51 43 36 91 88 54 18 17 27 45 49 16 29 34 86 100 80 70 87 37 94 33 31 77 44 98 61 82 10 13 1 22 9 12 69 41 6 47 72 50 30 35 8 7 79 38 23 63 15 55 97 3 46 65 83 85 11 26 68 64 95
Ta075,100,10,5467,5467,1,0, 83 79 65 33 90 100 99 9 95 75 56 97 87 10 76 22 88 5 77 20 28 57 63 1 66 6 80 73 48 92 49 45 19 42 85 23 81 11 72 21 2 24 62 12 8 16 36 37 14 70 89 38 94 44 30 18 43 71 86 39 58 68 96 67 69 35 53 60 74 34 4 15 61 54 27 47 13 41 3 17 25 64 98 51 91 32 7 40 46 84 55 93 26 29 50 59 82 31 52 78
Ta076,100,10,5303,5303,1,0, 78 47 24 9 18 43 64 32 90 20 76 77 46 8 6 65 98 49 53 4 37 3 39 95 94 54 67 41 19 60 99 57 15 80 38 35 68 22 48 52 5 14 50 55 29 96 2 85 91 83 88 66 31 97 100 27 72 21 13 16 73 89 84 62 25 17 61 30 51 93 71 74 56 33 87 11 23 70 75 69 12 42 63 1 59 81 58 10 92 86 82 34 7 26 36 45 79 40 44 28
Ta077,100,10,5595,5595,1,0, 99 53 64 56 5 55 33 68 13 97 67 4 79 83 88 95 61 11 74 16 49 70 30 93 90 41 36 72 10 60 51 57 82 78 98 75 37 91 73 96 50 20 66 46 8 63 27 19 40 18 26 58 80 15 42 100 43 94 21 44 25 62 23 71 77 48 32 24 31 3 2 35 92 6 39 85 89 52 84 17 28 22 45 1 47 9 69 86 34 81 59 54 29 87 7 65 14 38 76 12
Ta078,100,10,5617,5617,1,0, 48 70 14 3 80 98 31 73 56 76 81 45 19 78 34 97 90 71 9 22 67 38 93 100 39 15 50 69 21 55 51 5 4 12 18 62 23 13 26 99 6 54 37 75 60 43 95 82 49 8 92 88 58 42 32 2 83 29 77 57 35 87 68 30 24 86 65 79 84 46 64 89 1 72 7 25 16 85 52 44 20 36 28 27 40 91 17 63 53 74 47 94 61 11 33 41 10 59 96 66
Ta079,100,10,5871,5871,1,0, 54 38 46 34 2 42 48 23 86 75 77 20 21 61 43 29 76 44 1 24 84 51 94 15 95 52 37 83 40 87 97 5 80 26 12 72 22 31 10 69 66 35 49 56 30 14 57 100 68 81 82 90 8 70 16 89 45 59 41 58 50 79 78 27 28 71 47 93 88 32 7 55 63 13 99 17 39 85 25 65 74 18 62 73 96 53 98 4 33 36 11 60 3 19 67 64 9 6 92 91
Ta080,100,10,5845,5845,1,0, 57 97 6 71 84 17 9 81 8 87 52 2 66 89 100 14 40 88 48 99 78 18 63 73 15 16 47 36 94 68 21 28 82 54 44 92 30 38 76 37 35 42 13 22 7 11 55 80 25 64 49 45 83 95 39 85 90 58 1 33 60 5 26 91 65 46 12 43 51 96 31 50 41 70 98 53 20 61 93 86 59 67 24 4 74 23 72 19 56 3 29 79 32 77 27 10 69 75 62 34
Ta081,100,20,6134,6171,0,100, 54 78 59 74 79 3 1 83 51 4 60 40 6 33 81 22 35 76 28 63 18 86 21 82 99 12 10 44 85 5 16 70 56 65 80 61 71 9 53 25 30 93 62 32 100 42 55 91 48 41 46 73 11 31 89 50 96 37 39 29 67 92 15 77 47 95 23 20 87 45 17 34 2 66 64 24 90 72 68 88 52 19 43 58 57 36 38 84 14 98 26 94 27 69 7 49 13 75 97 8
Ta082,100,20,6183,6183,1,0, 50 49 95 65 32 27 87 66 80 52 69 90 35 82 72 89 19 31 10 40 14 96 62 79 78 2 33 59 75 93 48 77 13 71 9 70 54 22 1 36 5 7 34 84 91 46 68 100 61 98 53 20 47 76 92 58 43 15 45 99 26 23 55 42 73 38 11 4 85 37 86 97 74 8 41 51 3 63 64 60 83 30 24 25 56 16 88 67 28 17 6 44 18 21 12 94 29 81 39 57
Ta083,100,20,6252,6252,1,0, 10 41 54 87 67 56 11 86 29 51 76 24 64 42 8 57 37 58 31 23 48 1 4 50 97 63 94 61 88 80 5 46 33 98 28 32 43 36 47 78 9 40 44 77 2 70 22 72 84 20 81 49 90 91 35 26 69 6 52 21 66 25 7 39 17 85 73 53 12 89 34 3 55 96 59 27 82 79 75 68 18 15 19 99 71 30 100 13 60 62 16 74 95 38 93 65 45 83 14 92
Ta084,100,20,6254,6254,1,0, 74 98 45 44 25 79 38 57 58 23 67 89 43 29 90 51 88 60 84 50 69 65 1 15 5 71 92 46 95 26 56 96 52 8 7 91 16 55 86 77 22 78 54 87 64 63 76 32 41 68 11 99 13 59 72 3 47 28 37 70 30 93 31 62 85 6 4 9 73 2 61 81 39 17 20 35 34 19 94 100 24 42 83 21 10 75 82 66 27 18 12 49 97 48 14 40 53 33 80 36
Ta085,100,20,6270,6285,0,0, 64 10 98 51 50 97 12 32 16 56 14 11 72 30 38 61 70 74 33 85 76 58 62 1 53 69 41 28 37 3 57 52 95 15 17 39 90 88 94 65 18 2 20 9 46 87 60 71 5 8 45 89 6 4 23 31 21 92 40 86 22 93 82 36 26 63 25 99 55 80 44 66 29 34 35 49 68 59 42 54 81 13 27 96 7 77 48 100 75 78 84 24 91 83 79 73 43 19 47 67
Ta086,100,20,6311,6329,0,100, 83 32 2 12 21 33 39 92 37 69 1 86 31 82 88 89 60 7 56 28 55 34 81 99 23 72 38 14 65 52 97 66 75 8 98 94 40 80 71 10 57 20 100 18 48 16 45 58 78 91 76 25 49 27 22 35 15 6 63 84 95 68 9 26 77 53 17 54 74 13 64 44 79 24 61 87 50 41 5 36 85 43 4 67 19 73 62 70 46 3 30 29 93 11 51 59 47 96 42 90
Ta087,100,20,6216,6223,0,0, 93 85 62 96 95 67 94 32 49 73 27 88 60 19 20 53 16 23 64 84 14 51 98 39 45 48 89 57 33 28 59 12 78 13 42 29 43 69 22 90 31 34 91 8 55 36 61 21 77 17 41 52 79 80 65 3 82 71 24 47 11 38 50 72 40 58 100 97 99 9 4 7 66 46 6 54 87 18 10 56 30 70 81 15 63 37 25 5 2 1 92 26 74 35 44 83 68 86 76 75
Ta088,100,20,6316,6367,0,100, 39 62 29 90 73 22 87 70 5 7 72 31 78 18 32 69 41 57 71 44 67 14 9 33 93 45 56 27 83 81 91 24 100 68 98 58 25 1 51 50 59 17 64 94 54 88 66 40 12 80 76 55 74 37 49 30 4 77 82 19 16 36 65 52 47 85 43 89 84 48 35 38 6 10 8 75 26 86 3 53 23 60 2 34 21 42 63 95 28 79 99 61 11 96 46 92 13 15 97 20
Ta089,100,20,6232,6246,0,100, 47 2 7 80 60 41 94 50 15 90 43 81 63 42 95 68 51 78 21 74 17 10 79 62 97 34 19 65 4 38 57 77 83 12 16 20 61 59 30 1 96 89 86 92 25 26 23 33 54 45 39 46 24 82 84 3 13 71 32 11 40 8 70 55 49 100 53 18 73 99 87 48 14 56 69 36 37 58 27 6 93 72 31 64 85 52 9 67 44 35 29 76 88 28 22 5 91 75 66 98
Ta090,100,20,6404,6404,1,0, 83 11 54 1 67 6 24 48 52 77 51 62 100 26 90 3 87 12 38 35 96 20 92 40 60 34 70 43 21 27 78 36 84 10 65 47 14 81 94 32 74 31 25 98 69 86 95 56 46 15 37 89 99 4 68 72 5 82 75 80 88 29 50 97 13 71 7 19 2 59 41 91 61 9 23 45 42 33 22 85 49 18 58 39 16 30 17 79 64 57 76 8 55 63 44 66 73 28 53 93
Ta091,200,10,10862,10862,1,0, 1 73 156 30 152 149 127 155 124 190 94 172 85 87 71 146 110 52 39 18 183 20 23 57 173 176 36 197 164 191 161 150 125 140 37 117 104 198 21 6 25 49 159 142 53 138 43 80 45 66 81 98 74 105 175 182 179 96 97 134 16 162 107 132 4 27 22 187 151 99 86 64 19 41 17 139 195 13 40 106 112 42 72 102 144 50 24 174 135 147 69 121 145 111 120 193 95 9 103 38 170 63 101 92 35 122 8 83 199 12 194 154 84 5 89 184 54 177 70 31 79 2 82 88 116 11 26 178 192 181 44 51 7 189 10 62 48 108 141 128 115 185 166 59 58 32 56 143 119 153 131 126 55 130 165 157 196 169 100 75 180 109 186 46 123 171 114 76 91 136 14 28 34 3 118 200 47 158 77 68 61 78 60 163 93 168 67 90 160 113 137 129 167 33 29 148 65 15 188 133
Ta092,200,10,10480,10480,1,0, 25 150 161 31 70 182 33 183 133 170 158 27 97 1 184 57 112 65 98 94 141 68 115 64 15 181 92 93 143 136 137 48 199 200 174 173 178 22 104 144 74 102 114 6 23 103 117 153 162 83 128 192 156 179 85 35 146 49 58 20 84 99 180 132 122 66 110 147 2 165 191 89 7 152 105 52 169 194 28 72 171 193 36 59 197 78 91 43 95 67 53 34 3 129 41 12 113 154 135 4 16 108 151 185 160 120 46 176 159 167 76 51 168 11 123 190 81 106 5 157 39 127 75 79 60 116 56 124 145 24 186 148 198 172 139 138 82 131 126 142 73 54 9 149 90 134 125 18 86 40 80 87 140 130 121 32 17 196 38 21 111 175 13 50 44 37 119 88 14 71 163 118 109 47 30 187 45 77 101 195 164 29 63 189 19 62 107 69 155 26 42 100 166 188 61 177 55 8 96 10
Ta093,200,10,10922,10922,1,0, 97 95 83 2 44 133 50 92 91 104 4 119 187 57 166 8 21 125 157 135 186 69 66 29 53 86 59 85 134 25 198 58 178 154 13 88 118 140 141 100 102 153 183 190 184 192 24 170 72 128 3 68 93 191 42 99 148 124 77 54 146 147 14 96 123 174 34 74 115 55 73 63 151 185 144 163 17 145 162 160 112 199 6 136 197 111 196 139 130 132 171 117 188 114 76 158 11 27 161 109 177 164 30 200 67 156 149 23 87 113 56 12 195 45 48 75 137 65 31 26 122 165 152 193 127 71 107 80 40 106 5 142 116 81 138 182 194 7 79 10 120 143 168 61 28 70 47 172 90 105 35 181 46 169 16 22 19 121 82 62 175 36 155 9 41 167 131 179 110 159 94 37 64 60 150 126 49 103 38 108 129 20 98 78 173 180 43 89 101 1 33 189 176 51 32 18 39 15 84 52
Ta094,200,10,10889,10889,1,0, 90 147 196 160 173 10 136 56 131 92 158 71 11 161 130 187 199 119 76 153 111 69 36 5 192 32 189 50 144 145 61 103 195 128 125 59 142 25 176 151 55 26 185 80 188 165 170 168 68 38 133 27 198 186 174 116 62 194 24 47 75 87 120 43 91 23 3 137 16 132 79 118 126 15 78 178 102 190 184 44 83 74 115 124 108 35 82 9 58 106 122 19 113 117 77 14 7 191 127 30 37 29 197 146 8 33 135 67 39 182 94 86 112 20 121 45 159 179 54 181 98 65 97 183 200 63 22 41 150 149 166 156 53 171 100 57 107 28 141 89 163 138 40 73 85 42 140 96 155 21 109 93 154 34 129 164 48 84 110 49 169 88 123 6 1 66 139 157 101 51 70 104 72 148 167 175 95 46 12 177 162 52 81 143 60 4 172 2 114 152 18 193 31 134 17 180 105 64 99 13
Ta095,200,10,10524,10524,1,0, 198 74 154 108 193 188 172 99 46 181 101 55 105 96 192 40 135 106 8 29 11 185 178 54 165 142 57 28 36 111 95 152 25 180 114 21 187 79 136 4 80 59 83 194 140 127 130 102 112 20 45 150 98 163 119 110 170 183 13 118 103 97 62 151 148 160 158 141 157 24 173 7 177 3 137 6 68 166 44 122 169 107 100 47 176 23 113 34 121 10 43 143 156 115 88 71 104 31 179 41 75 116 15 190 17 199 85 39 145 82 87 27 76 9 49 53 19 1 42 171 162 197 134 66 167 77 69 133 129 60 123 14 12 128 64 109 159 91 196 61 184 18 38 26 78 37 67 56 16 120 139 81 191 94 50 153 182 138 73 189 5 125 155 200 51 72 168 48 144 147 2 65 117 70 93 131 175 126 164 161 58 92 63 32 195 52 132 84 22 33 90 86 146 35 124 174 89 30 186 149
Ta096,200,10,10329,10329,1,0, 21 85 135 143 183 76 146 100 95 9 26 172 91 63 198 164 93 158 179 72 115 114 48 23 79 186 121 67 52 102 190 170 155 92 29 47 130 112 110 66 55 107 25 193 120 168 20 116 174 98 148 182 14 156 34 122 162 2 64 136 197 82 42 200 191 44 74 17 151 57 175 1 3 8 11 22 171 10 137 99 185 159 132 140 141 80 30 12 88 50 157 45 184 152 75 125 104 144 128 97 165 73 101 127 15 163 86 84 196 5 46 70 108 129 117 27 119 113 59 124 166 177 169 38 83 81 161 54 58 189 139 7 123 19 56 150 188 32 24 194 105 4 90 96 33 31 35 41 65 153 103 39 87 77 16 167 192 18 133 53 154 149 62 176 60 49 61 145 142 71 37 43 173 134 68 199 111 187 180 160 118 36 126 109 6 94 181 106 69 28 51 40 138 131 78 13 195 89 178 147
Ta097,200,10,10854,10854,1,0, 198 15 73 135 56 23 63 145 18 151 114 165 169 123 141 34 36 60 117 187 25 85 147 11 88 155 112 49 52 170 75 45 182 140 94 192 191 86 173 14 143 104 185 24 179 106 168 76 195 98 116 136 119 131 142 122 32 31 107 108 51 5 50 10 105 178 29 176 33 57 197 46 181 148 77 28 152 89 101 167 12 80 120 162 27 200 194 110 62 81 66 193 7 163 70 83 3 111 13 2 61 144 160 54 99 58 72 55 37 129 161 79 158 134 30 40 74 17 118 186 132 174 82 47 156 175 153 113 102 124 21 64 128 103 157 133 190 109 59 8 68 138 43 150 69 188 44 9 19 137 183 146 87 154 171 166 172 65 180 96 189 53 84 149 95 164 6 121 16 1 130 125 199 67 48 78 92 184 100 115 4 91 41 20 22 127 93 139 159 38 90 26 35 196 42 177 39 71 126 97
Ta098,200,10,10730,10730,1,0, 65 58 87 43 38 114 197 70 154 33 112 179 18 76 2 143 109 168 180 137 91 68 131 47 163 125 190 19 10 186 29 95 26 16 28 25 34 83 170 12 51 184 7 165 147 118 144 101 67 155 99 189 80 167 20 57 128 177 52 93 116 141 27 199 195 50 9 81 96 48 146 55 188 130 134 36 104 174 72 60 40 106 59 135 103 110 92 64 8 71 187 151 194 22 159 173 178 73 6 15 158 122 69 62 31 45 161 196 193 175 145 77 200 88 61 121 123 32 35 150 63 21 126 54 172 142 94 198 127 148 133 98 39 30 17 117 136 138 5 86 169 115 37 171 42 164 13 129 53 140 160 41 78 162 113 107 157 56 124 3 97 100 152 24 79 119 44 74 182 85 192 120 66 89 176 102 149 183 191 14 11 132 108 139 4 111 46 166 49 181 90 185 84 156 23 82 75 105 1 153
Ta099,200,10,10438,10438,1,0, 165 97 20 199 19 11 3 156 140 118 125 195 26 178 80 55 196 30 12 48 184 176 100 59 122 138 179 127 69 71 186 158 187 62 124 148 126 169 4 149 83 73 46 76 200 116 111 141 168 94 86 37 32 130 119 189 28 172 77 81 175 171 35 72 58 5 192 22 137 150 74 82 198 61 36 52 16 163 117 164 57 13 34 142 135 25 133 134 154 160 173 68 67 132 129 6 43 147 38 185 112 60 113 99 197 161 33 190 181 194 9 93 2 109 103 29 8 170 193 120 31 54 166 114 89 50 123 167 108 95 90 51 92 41 183 87 63 131 182 102 152 47 139 23 75 7 66 153 85 159 10 1 143 14 27 79 88 107 84 21 17 146 44 101 104 64 15 105 145 53 136 70 45 162 151 115 24 91 191 121 65 110 49 128 56 157 144 96 78 174 188 106 177 180 39 98 40 18 42 155
Ta100,200,10,10675,10675,1,0, 148 83 177 14 143 85 149 69 19 199 135 180 24 168 65 60 127 138 121 195 89 3 12 8 109 165 46 87 10 132 43 28 131 66 2 48 161 174 57 185 179 193 74 152 175 31 38 102 93 32 151 53 6 18 77 15 171 98 173 181 81 58 105 117 166 96 75 200 26 137 78 21 55 70 107 120 72 190 36 22 20 16 35 67 170 45 82 92 122 33 90 47 187 110 49 44 34 84 68 124 163 160 27 159 100 146 61 136 99 30 189 129 192 41 17 191 113 118 183 13 144 56 59 150 114 42 162 169 130 7 153 103 112 126 154 141 50 11 37 128 196 108 178 94 4 106 9 116 91 95 125 134 186 172 156 80 54 52 71 88 5 23 164 155 167 176 194 145 188 29 133 115 197 40 158 51 79 101 119 1 63 86 64 139 182 184 198 157 62 111 25 39 140 97 73 142 123 147 104 76
Ta101,200,20,11158,11158,1,0, 83 151 170 94 138 89 78 137 163 152 166 140 124 61 95 42 111 19 121 62 76 24 198 33 188 26 131 96 109 160 126 120 59 69 113 56 136 123 93 66 22 81 13 144 67 146 178 150 28 57 103 130 48 9 125 14 187 105 133 85 184 5 147 194 27 135 49 186 46 7 107 142 148 162 36 79 129 88 158 2 143 91 122 80 155 47 34 12 54 40 35 182 25 64 106 72 100 101 156 51 43 39 102 52 180 149 189 153 168 173 157 139 70 3 119 169 77 32 199 175 16 134 4 11 8 1 84 176 29 110 41 71 17 171 116 18 164 127 38 161 73 10 20 98 177 74 50 6 31 21 58 190 15 87 75 195 104 99 181 172 37 128 132 165 197 30 179 23 112 55 167 141 97 196 108 200 92 63 53 68 118 45 90 191 159 185 117 114 115 154 193 65 174 60 145 86 183 44 192 82
Ta102,200,20,11153,11160,0,0, 56 184 171 11 25 163 54 169 50 118 149 132 60 91 19 94 179 151 119 155 92 45 176 13 49 26 57 74 32 168 48 128 16 28 113 159 178 173 138 31 105 197 52 156 146 111 58 96 15 122 47 144 134 30 182 103 152 69 38 185 150 5 77 116 183 187 100 174 88 181 8 43 84 162 41 170 108 59 193 4 23 115 107 20 17 148 80 78 104 35 157 186 166 70 29 120 175 136 112 46 97 65 114 93 24 9 66 51 192 195 42 142 95 129 39 135 154 188 14 190 167 68 137 139 198 33 130 189 34 71 76 158 99 10 161 147 62 143 75 124 1 172 177 36 121 98 64 72 191 6 125 2 110 160 21 55 63 102 79 85 131 200 27 164 123 101 22 199 81 40 141 126 90 165 61 86 83 18 127 117 196 109 145 73 7 37 153 12 140 82 106 194 133 87 89 53 67 3 44 180
Ta103,200,20,11281,11281,1,0, 30 137 111 121 195 44 13 177 15 82 36 161 192 186 81 178 184 129 179 46 119 86 126 107 155 158 193 28 180 115 171 189 165 151 149 187 37 183 156 104 154 57 130 174 93 3 63 49 122 191 45 108 124 32 24 19 66 39 175 16 47 75 56 90 127 103 85 43 95 73 59 79 117 65 188 198 116 31 96 113 20 11 132 139 173 64 196 133 97 146 4 7 26 114 143 61 169 123 29 91 194 138 94 167 71 25 100 140 176 153 50 136 157 105 141 112 109 197 12 51 70 21 190 42 128 76 102 78 142 118 106 163 160 10 92 34 17 68 2 84 23 18 1 101 80 74 150 99 170 60 67 83 181 89 40 182 164 35 200 172 48 98 41 199 54 77 162 58 38 22 62 166 72 148 53 131 33 52 135 144 145 134 125 69 147 14 152 168 120 55 8 27 159 6 87 5 185 110 9 88
Ta104,200,20,11275,11275,1,0, 16 43 111 168 20 149 7 87 120 8 104 194 18 66 12 70 105 91 177 150 82 89 192 140 191 57 164 108 10 36 24 123 181 41 2 154 48 62 85 153 37 128 46 17 138 69 84 145 174 131 127 13 26 179 193 119 126 132 115 64 101 11 139 144 196 116 9 198 112 44 96 38 183 59 182 166 175 122 76 19 21 97 110 107 74 56 189 162 136 88 50 129 159 137 47 49 118 77 78 33 42 109 178 161 73 60 188 165 1 6 4 31 135 169 28 40 176 185 86 55 81 163 143 23 25 106 190 22 195 186 80 95 103 98 94 32 79 53 68 75 171 173 83 130 58 102 151 54 147 114 197 156 180 141 184 172 200 51 15 142 117 134 72 35 27 121 52 146 199 65 158 125 63 155 113 67 152 93 71 90 160 45 3 5 157 170 39 92 187 34 30 167 100 14 61 124 29 99 133 148
Ta105,200,20,11259,11259,1,0, 171 128 31 83 173 185 9 97 29 149 38 180 178 24 175 19 4 45 101 100 74 94 27 78 11 151 189 7 73 28 123 110 196 165 14 98 72 182 21 111 8 53 109 75 63 88 167 155 118 33 82 152 122 44 119 103 192 187 76 157 179 143 142 146 96 190 125 18 12 62 13 193 80 30 161 99 48 56 150 25 163 133 176 85 42 70 174 69 197 86 147 162 102 77 186 199 131 139 37 57 2 89 107 3 169 26 158 132 68 5 121 34 112 95 55 50 23 156 134 41 141 39 159 137 67 32 168 104 116 40 43 120 191 140 17 200 64 91 148 154 10 52 115 166 93 60 49 1 90 84 153 145 36 58 65 114 117 61 184 87 15 183 105 136 126 59 188 51 130 54 16 106 20 170 135 46 177 35 47 129 164 108 113 160 22 194 79 66 198 127 6 172 195 124 138 71 92 144 181 81
Ta106,200,20,11176,11176,1,0, 98 142 145 152 134 157 35 71 181 115 97 180 4 72 38 117 139 59 190 108 128 136 80 127 184 92 151 137 155 159 173 119 69 166 122 167 199 200 7 171 174 140 179 26 114 25 66 91 188 48 36 53 46 177 191 50 125 34 133 70 58 12 44 120 147 185 37 94 110 113 87 130 5 51 22 164 135 160 163 78 88 154 101 75 96 19 27 32 192 1 82 67 170 60 121 84 131 95 16 39 158 29 18 165 189 103 33 198 102 156 9 77 144 31 85 21 64 15 83 49 100 196 10 175 106 112 194 153 109 42 20 143 73 111 161 2 162 123 14 169 89 6 8 41 55 129 57 52 172 124 79 168 149 28 146 105 56 40 132 43 104 30 24 126 193 68 90 183 47 65 63 107 138 23 176 61 118 13 182 81 116 197 150 148 99 186 76 74 93 45 195 54 141 3 62 17 86 178 11 187
Ta107,200,20,11337,11337,1,0, 168 200 190 66 175 10 44 109 65 161 23 141 102 193 182 27 125 166 68 140 28 9 59 3 99 83 165 89 57 159 90 163 149 171 111 117 18 154 25 194 98 131 87 64 136 4 196 138 169 164 75 19 91 80 129 181 62 45 124 137 110 74 100 17 47 50 156 184 143 70 84 56 37 78 14 32 142 35 72 86 77 105 42 112 157 151 167 123 67 20 33 95 144 51 76 63 183 8 114 85 24 128 6 82 46 153 39 31 88 93 61 81 145 54 162 197 52 107 172 139 58 133 38 118 158 189 94 134 185 179 7 101 150 21 191 180 177 11 135 127 178 60 148 96 195 115 69 119 30 147 73 15 49 1 48 55 130 132 13 176 40 53 113 121 41 92 188 198 5 34 71 170 79 104 186 36 106 174 155 152 16 97 160 26 146 126 187 12 43 22 122 173 29 103 2 199 116 108 192 120
Ta108,200,20,11301,11301,1,0, 52 192 105 39 30 196 76 6 121 136 112 157 21 11 200 10 191 91 73 102 155 61 24 174 142 167 28 119 129 96 126 62 182 87 149 44 74 86 194 32 133 26 115 139 54 188 114 88 137 154 148 98 27 95 124 64 198 17 72 123 199 146 7 93 122 55 56 173 140 164 42 2 49 165 18 92 159 63 29 153 113 107 111 169 131 67 8 47 179 187 117 82 75 15 71 162 104 145 161 1 41 181 48 90 100 13 79 180 183 20 77 59 40 189 166 135 84 118 178 35 147 34 23 184 12 103 134 163 195 132 9 125 5 128 172 143 3 151 46 120 83 171 31 158 170 101 51 66 144 193 65 89 43 16 85 130 37 175 22 19 177 138 25 141 78 50 38 36 68 45 53 116 69 57 94 168 160 60 58 185 4 109 197 33 176 186 110 106 14 190 97 108 156 127 81 150 80 152 99 70
Ta109,200,20,11146,11146,1,0, 55 10 166 190 32 199 19 23 25 101 108 77 106 72 111 37 170 176 57 4 91 6 21 100 70 29 123 16 17 79 121 41 198 27 103 47 194 120 74 69 186 113 38 61 196 175 116 68 181 76 177 126 185 86 136 28 83 197 132 3 112 167 75 154 54 139 169 163 12 60 153 80 157 9 109 89 133 39 155 178 141 88 191 43 44 125 59 53 137 31 81 118 149 48 143 7 127 182 97 193 33 62 35 49 90 52 200 195 184 104 102 188 95 46 187 159 66 15 42 140 147 65 128 5 183 13 85 63 26 11 179 2 129 156 115 142 34 24 144 161 192 165 22 172 45 73 189 162 131 150 107 138 105 8 180 171 51 18 119 87 96 146 78 99 82 36 114 67 56 164 98 122 14 93 134 64 94 1 152 110 160 151 168 158 174 84 173 50 71 145 30 130 40 124 148 20 117 58 92 135
Ta110,200,20,11284,11284,1,0, 132 196 131 15 97 94 17 127 32 72 18 171 35 192 188 151 55 89 146 42 187 157 51 48 162 91 46 12 30 50 69 190 82 114 122 124 123 44 37 60 120 183 125 39 156 178 86 153 41 118 184 66 25 143 52 36 19 3 173 5 109 80 170 107 168 164 105 117 161 63 177 110 47 2 152 70 185 93 99 71 53 145 140 121 148 191 128 130 179 73 27 111 113 29 45 163 149 10 20 139 154 159 180 68 8 199 175 112 67 160 167 43 102 76 166 108 33 194 90 9 61 129 11 58 134 98 141 147 119 64 136 176 104 28 87 81 59 1 62 106 24 88 96 26 84 193 137 195 169 138 79 165 49 34 115 181 31 182 57 95 158 78 116 186 65 74 22 38 197 198 56 135 6 21 200 85 133 92 23 172 126 14 150 54 40 83 144 101 16 77 103 7 142 100 155 13 75 4 189 174
Ta111,500,20,26040,26040,1,0, 128 145 288 452 55 158 39 110 295 116 113 456 67 382 471 215 447 43 374 244 393 183 198 263 88 96 364 83 340 485 109 362 304 414 5 398 469 45 309 159 160 124 261 395 379 315 278 97 324 451 129 99 53 496 276 282 327 12 245 369 62 388 242 169 167 231 16 298 24 119 101 368 134 338 234 380 470 350 267 302 341 189 44 214 139 22 296 474 58 377 4 478 34 91 173 280 411 378 438 440 491 339 48 26 289 274 192 90 314 61 143 125 497 431 384 277 461 307 325 86 257 204 444 60 433 232 38 151 347 246 161 163 455 236 487 301 74 135 2 360 76 17 79 332 193 446 344 127 212 13 225 195 182 224 343 305 157 337 492 283 217 256 172 107 1 316 317 78 423 248 285 292 201 50 25 64 346 320 207 63 73 363 252 293 200 481 118 490 149 28 390 415 147 7 243 100 104 165 220 211 164 418 37 375 464 141 229 500 494 297 460 367 404 148 386 6 410 351 330 203 46 328 166 206 146 150 275 202 176 358 484 81 465 419 144 210 69 121 93 23 142 56 311 51 8 453 442 254 475 31 179 258 190 223 409 402 348 420 334 250 152 68 11 130 153 271 20 174 303 313 279 488 486 120 262 221 435 10 355 472 35 396 371 272 222 310 59 397 197 425 479 80 480 319 270 168 175 87 156 122 361 36 477 373 253 443 177 247 421 483 105 209 85 394 65 269 417 255 98 186 326 154 381 187 383 227 389 370 499 441 428 111 493 372 188 170 136 281 286 117 112 178 449 184 126 482 342 466 29 155 218 3 14 18 333 457 230 240 495 102 399 284 180 290 321 322 353 259 416 77 459 366 498 436 19 352 239 208 15 359 249 401 400 235 260 427 123 21 376 294 49 467 450 434 291 287 336 89 103 432 308 108 196 264 437 41 385 199 42 345 54 439 47 84 66 299 70 266 405 329 476 82 408 448 233 238 354 114 216 137 213 92 228 219 132 30 426 312 251 429 9 356 454 392 424 268 241 194 445 273 422 191 468 335 406 462 463 365 140 72 131 71 265 407 57 323 387 412 40 52 95 171 237 162 489 403 357 331 27 458 181 106 349 133 205 473 33 115 75 185 391 413 138 32 318 94 306 226 430 300
Ta112,500,20,26500,26500,1,0, 57 498 446 343 351 253 48 423 230 196 442 471 308 282 403 145 244 47 258 76 490 45 488 101 222 219 364 134 169 140 62 50 318 40 412 457 322 348 8 103 358 311 410 106 224 350 74 335 440 331 472 32 171 324 202 160 135 139 213 193 97 353 422 177 150 49 355 466 204 276 143 125 251 313 19 367 189 207 483 203 180 289 256 390 65 267 80 179 178 211 232 415 186 453 454 269 448 70 81 333 363 431 395 181 273 360 377 388 449 12 109 133 92 279 126 15 500 164 428 66 120 42 357 399 141 117 365 155 39 475 340 90 421 492 278 404 216 334 146 315 297 41 187 370 24 346 118 309 79 274 361 277 407 151 165 242 470 487 185 349 88 426 288 249 22 389 481 4 345 344 303 329 463 300 227 292 158 214 100 469 424 104 6 128 94 310 380 337 59 374 119 200 317 379 275 460 325 23 455 182 383 188 217 497 115 37 154 192 152 226 366 312 459 137 326 494 54 491 476 239 183 167 166 96 156 352 439 208 394 417 247 33 13 209 2 243 123 342 489 266 195 384 356 283 427 240 16 477 107 14 72 372 25 265 304 286 46 210 259 124 52 264 480 10 11 468 85 58 112 236 499 245 400 228 458 250 319 241 419 321 172 495 295 479 113 385 443 131 129 328 235 445 98 425 381 486 30 450 201 89 301 339 68 234 467 402 257 9 320 105 397 462 255 438 314 199 3 341 223 387 170 220 17 272 31 436 231 142 302 136 111 306 153 451 263 87 418 359 369 478 159 281 396 437 157 67 298 221 1 91 405 7 198 354 229 413 95 398 336 132 392 408 246 299 434 55 18 190 296 347 130 260 71 60 194 174 414 441 69 330 237 5 474 270 148 114 102 386 268 285 86 456 376 294 206 496 391 323 485 61 191 122 375 411 465 368 218 176 212 248 149 409 327 138 287 284 401 78 254 406 444 77 173 233 127 51 473 43 116 464 110 73 168 393 493 373 378 147 108 21 29 64 83 20 416 271 293 382 121 262 429 435 371 44 56 84 99 175 38 484 162 447 225 290 280 161 215 144 163 291 307 205 238 35 27 28 26 461 36 433 452 53 305 184 430 197 252 34 332 482 75 338 82 362 432 261 420 93 316 63
Ta113,500,20,26371,26371,1,0, 329 431 46 63 66 253 44 494 72 497 71 225 261 190 165 238 31 28 89 93 117 170 445 160 241 55 419 41 127 344 176 90 162 350 272 361 456 120 3 473 352 106 45 467 100 487 150 124 275 2 421 289 5 393 64 297 285 73 425 21 491 367 401 30 427 11 384 389 136 177 354 305 144 37 499 82 209 410 163 402 193 178 377 365 346 316 138 288 449 65 338 396 451 231 483 327 373 353 38 443 437 14 174 319 59 203 340 230 227 67 34 471 239 166 400 50 337 498 291 219 197 302 175 185 189 49 492 266 307 379 110 335 407 188 300 315 79 332 422 36 7 147 99 294 313 404 403 303 218 101 91 464 351 441 182 409 187 194 411 103 237 325 324 153 391 134 56 158 375 22 269 371 318 363 180 317 107 132 115 328 116 206 226 29 139 25 53 173 62 200 489 184 290 486 228 196 221 282 374 86 111 306 299 417 390 109 281 148 372 88 256 10 70 98 426 114 156 399 54 1 321 18 452 216 78 229 68 476 213 342 453 265 270 220 450 311 474 470 369 298 191 215 105 468 61 152 406 128 142 224 4 161 23 414 433 385 416 485 330 438 322 172 493 271 267 326 234 462 264 336 92 250 246 339 280 278 461 20 119 413 309 439 39 484 179 436 141 15 80 283 113 26 135 202 47 348 240 83 108 397 334 27 146 430 444 395 480 131 8 102 149 129 394 195 121 463 40 382 314 435 446 398 84 320 76 355 143 236 370 308 130 167 125 347 157 262 244 242 137 366 254 331 123 495 42 57 279 69 192 442 181 359 17 405 415 19 258 482 458 465 268 186 447 51 455 341 118 222 434 210 145 469 364 420 429 248 212 235 460 490 217 155 356 500 43 333 168 122 301 312 378 249 204 310 6 214 247 292 376 448 349 9 77 16 233 104 381 408 304 126 154 287 251 343 274 284 383 85 260 478 171 95 75 48 276 392 245 259 52 252 386 358 477 362 432 198 368 207 208 380 428 277 223 24 243 296 496 35 151 211 205 74 388 33 360 273 423 60 440 13 199 81 479 133 257 459 96 387 112 232 466 94 424 164 58 87 263 323 169 345 457 12 418 412 286 140 293 97 159 201 183 357 295 481 255 32 488 454 472 475
Ta114,500,20,26456,26456,1,0, 495 117 402 366 443 138 392 381 139 203 383 289 481 227 446 10 468 491 9 343 331 132 303 150 149 273 78 114 419 434 330 302 391 93 299 1 198 213 5 58 442 372 324 278 224 309 240 41 500 191 270 320 412 60 177 85 154 158 327 19 142 359 226 215 416 13 342 484 461 485 474 179 84 188 245 407 363 430 262 37 246 161 325 413 301 151 214 424 286 68 479 194 77 11 22 380 269 168 487 103 445 40 251 314 458 285 31 241 163 467 406 8 432 457 157 438 230 260 73 122 312 39 88 75 55 405 44 254 483 304 171 115 466 376 51 71 396 27 347 418 451 50 238 195 219 30 378 92 167 298 332 184 408 235 440 471 4 447 288 211 82 15 17 494 192 166 28 348 293 497 482 197 333 237 109 120 131 379 83 48 113 111 452 52 34 459 496 206 411 185 374 475 21 388 267 384 255 493 370 258 223 45 336 228 57 352 43 152 265 492 282 35 199 56 283 498 164 264 80 110 250 190 24 431 169 125 272 49 385 429 6 118 2 410 165 143 297 454 313 91 176 222 218 310 353 33 321 216 261 417 478 210 162 281 435 26 86 25 63 65 36 225 147 368 305 462 119 399 135 144 425 116 455 66 393 360 153 136 395 401 32 23 38 490 18 67 415 409 450 242 351 146 229 99 181 448 247 316 212 178 291 338 47 362 105 76 326 404 422 377 155 12 202 257 239 465 306 196 112 209 436 256 253 337 123 81 287 472 208 476 349 129 369 128 70 20 295 382 221 319 477 96 172 499 486 16 290 204 421 233 217 232 463 108 441 280 7 387 175 100 193 107 444 357 134 29 102 284 315 72 354 62 59 275 355 187 243 170 156 420 97 205 252 137 174 236 249 201 271 14 469 350 234 473 133 308 423 130 69 397 365 367 173 329 292 323 94 54 3 340 207 182 322 364 311 449 488 180 124 335 279 389 90 386 140 141 375 121 259 127 294 356 53 339 371 200 398 317 231 453 244 296 268 394 437 318 95 433 101 104 345 189 159 346 427 64 400 390 89 220 328 464 358 183 277 79 470 42 489 428 248 341 274 361 87 307 266 74 403 439 145 480 106 334 126 61 263 300 456 160 148 276 344 186 426 98 373 414 46 460
Ta115,500,20,26334,26334,1,0, 496 334 100 17 281 240 409 274 402 390 84 226 299 344 355 305 313 95 116 298 227 243 8 119 427 369 36 467 153 256 114 411 379 448 475 63 102 480 91 82 126 197 271 118 46 144 429 189 33 12 225 365 152 469 233 266 433 139 235 127 295 309 131 246 391 483 482 117 43 39 147 32 20 3 59 13 125 42 371 49 148 285 493 420 306 332 380 86 263 198 328 170 330 167 317 352 107 183 173 97 195 56 124 253 30 322 261 374 136 340 171 221 163 121 270 300 326 242 361 491 137 130 62 311 140 447 14 398 38 443 178 176 331 315 26 357 236 166 76 196 188 387 382 113 345 489 120 413 307 5 362 135 193 2 19 353 363 10 73 89 425 459 384 258 359 297 327 25 58 168 88 358 239 479 368 293 200 47 122 232 245 376 314 436 276 470 364 339 98 471 160 209 394 356 87 55 383 255 335 212 287 456 208 132 27 80 154 434 487 203 92 222 234 22 337 319 408 336 260 465 128 442 354 141 377 101 484 410 262 79 229 180 494 185 296 206 417 237 454 192 67 211 321 156 386 419 217 466 115 24 416 499 90 158 455 53 310 155 83 400 224 472 461 350 109 248 252 488 202 162 476 452 291 372 495 123 268 435 477 143 257 318 421 277 431 492 385 451 338 69 174 218 72 164 78 401 457 7 453 308 463 219 423 9 41 367 138 403 103 21 458 426 279 37 302 460 6 445 142 150 106 286 34 28 129 216 412 194 325 441 94 404 405 210 51 381 346 111 186 201 392 406 388 110 446 104 77 134 191 320 54 474 485 275 378 44 70 238 438 45 464 61 85 187 439 74 415 31 370 290 324 96 418 181 414 93 396 75 389 278 251 133 444 165 395 375 473 145 440 259 342 151 249 205 323 272 169 343 265 301 1 230 399 247 347 199 269 52 373 161 157 497 228 112 35 486 312 15 254 50 283 341 481 214 424 179 304 333 289 292 284 40 450 449 16 437 288 81 231 190 66 175 360 57 490 432 316 149 397 146 241 204 18 329 184 244 366 105 430 250 60 468 223 407 207 4 215 422 267 349 177 182 264 159 282 71 220 68 64 428 48 294 99 280 303 29 348 65 478 393 11 108 498 172 273 213 500 23 462 351
Ta116,500,20,26469,26469,1,0, 80 495 259 83 89 377 464 24 218 268 393 13 14 193 285 291 273 357 175 277 138 489 274 207 337 26 131 39 147 84 230 91 471 412 321 168 332 312 17 348 20 431 369 203 320 490 424 479 296 450 326 62 141 313 154 133 206 152 400 58 441 197 468 340 174 216 417 430 19 421 234 23 38 456 258 475 183 37 148 368 330 325 178 156 77 25 43 72 244 224 447 134 161 198 150 423 118 283 185 438 395 196 391 280 263 143 140 116 57 4 236 427 467 86 102 451 128 302 176 300 404 465 61 225 278 119 2 10 12 180 170 205 276 231 264 487 94 440 362 220 472 297 28 392 383 33 69 415 469 54 107 394 439 237 100 112 30 388 65 125 47 305 358 402 162 486 353 7 109 306 454 64 50 255 361 462 22 366 101 106 322 425 49 444 314 372 350 370 42 386 385 378 157 88 105 164 68 275 407 498 166 411 349 139 124 387 293 239 173 127 21 44 189 250 466 453 373 334 481 81 265 201 352 303 15 292 93 270 409 345 181 474 408 494 436 74 311 222 136 290 190 379 376 226 48 59 221 449 266 228 493 90 187 318 418 113 242 435 267 27 87 96 211 146 126 8 227 271 308 132 354 121 272 442 375 145 165 36 339 478 195 66 347 249 55 289 397 79 374 335 382 364 499 122 389 199 200 243 261 233 500 34 344 406 360 184 76 223 414 213 99 319 212 142 460 144 51 483 3 208 159 338 257 95 32 35 110 97 309 473 137 11 288 194 171 341 359 104 75 426 192 179 432 248 115 204 371 461 363 215 232 158 29 365 71 480 299 31 476 410 235 342 129 256 323 459 446 202 384 103 182 343 163 191 433 85 420 307 488 186 497 333 381 135 245 484 251 331 214 217 458 485 1 336 452 401 82 428 98 219 169 390 328 281 210 482 56 172 399 247 315 279 287 5 130 151 422 153 269 240 491 238 434 443 160 70 241 40 111 284 46 298 155 294 437 496 41 16 114 301 470 316 6 477 463 367 108 286 246 416 253 380 355 351 52 329 282 45 304 63 188 229 445 317 403 78 18 73 324 262 398 120 92 492 396 448 252 356 60 53 177 209 405 167 9 413 327 149 457 260 67 455 117 310 429 295 419 346 123 254
Ta117,500,20,26389,26389,1,0, 464 112 379 241 344 145 416 237 320 115 312 216 375 401 360 444 322 473 219 140 22 95 85 276 337 242 194 185 182 295 472 350 102 244 213 486 396 69 434 113 265 415 5 455 448 310 137 479 408 351 150 332 326 57 203 287 119 278 477 81 277 263 2 481 93 117 451 398 321 253 476 438 123 454 30 299 228 388 252 98 68 13 422 176 423 290 141 482 99 437 289 405 499 218 82 132 308 426 251 105 18 378 212 202 178 146 169 183 256 414 335 127 50 165 356 365 17 275 279 288 200 283 440 380 214 330 192 336 110 39 261 173 135 459 71 157 494 152 230 136 338 293 40 411 254 323 189 177 478 31 155 42 209 373 33 164 66 303 400 76 4 249 395 421 61 106 346 142 495 197 54 196 181 97 180 168 475 446 493 372 417 466 391 232 318 120 296 243 432 9 124 342 175 208 167 328 73 104 412 358 368 488 359 198 250 172 285 294 316 26 58 441 67 204 118 315 269 179 220 439 122 309 37 170 457 64 108 264 86 258 206 46 126 435 149 235 498 367 87 314 74 131 77 281 409 497 302 461 75 130 109 90 24 41 374 163 496 271 449 129 262 28 490 188 221 100 402 485 1 32 125 29 442 36 406 424 433 72 268 207 59 227 413 19 389 286 65 143 12 147 148 199 333 468 354 159 224 270 20 43 101 92 460 111 392 382 158 233 430 317 193 348 154 246 25 383 153 284 139 450 272 371 63 304 452 44 51 467 428 55 404 215 184 21 443 418 343 376 191 399 489 292 166 274 340 484 255 156 453 14 60 480 329 425 245 240 280 239 34 94 394 366 10 56 483 361 160 311 362 458 331 319 445 300 248 211 48 273 474 298 83 226 282 429 487 205 27 38 103 91 229 347 16 11 186 307 128 8 357 70 369 45 231 47 492 190 171 23 225 80 222 107 325 201 133 420 62 7 463 327 238 291 223 301 352 471 53 187 341 217 266 257 35 403 386 431 393 470 84 3 364 259 134 465 297 407 370 349 334 138 313 114 462 151 15 353 500 491 339 79 397 447 49 267 96 144 236 384 419 234 121 363 162 161 381 116 436 88 52 174 210 89 387 355 306 78 195 6 345 324 427 305 260 247 410 390 385 377 456 469
Ta118,500,20,26560,26560,1,0, 6 453 304 494 23 35 420 257 336 437 287 228 194 432 129 382 89 38 172 491 414 322 237 258 403 72 113 264 456 189 13 201 152 243 447 292 27 261 177 429 248 230 360 198 488 17 170 439 391 346 163 64 285 205 49 85 45 428 39 241 120 220 431 385 470 26 472 435 56 103 475 227 240 53 249 302 448 421 119 19 118 208 300 246 5 155 200 384 464 159 8 41 238 323 145 224 376 77 364 204 108 341 99 51 207 91 213 355 330 61 68 166 408 378 371 306 276 485 235 357 279 358 479 308 462 411 114 446 401 63 309 54 305 284 266 349 288 388 32 15 93 150 234 427 484 195 52 28 277 199 87 423 66 57 467 441 98 417 438 265 319 62 289 457 92 157 3 94 173 95 50 367 436 137 147 58 117 123 404 48 490 296 143 492 33 179 310 2 149 325 406 469 463 477 70 124 125 255 178 340 415 274 251 348 271 342 363 315 217 210 301 481 422 368 176 498 223 434 133 164 180 79 267 30 329 396 9 74 476 25 444 294 333 141 275 144 497 168 327 375 1 216 18 379 405 211 134 175 154 31 318 454 182 443 167 101 280 158 151 480 22 104 236 21 455 297 307 82 100 162 393 214 12 483 486 161 202 482 44 354 373 298 413 139 331 244 47 387 452 398 171 34 295 451 86 353 459 386 188 433 75 36 80 369 122 96 335 239 260 190 362 193 293 187 394 259 245 270 407 326 209 160 392 126 196 132 350 14 191 88 461 71 440 473 231 495 383 399 229 135 314 140 232 181 370 184 458 111 131 136 468 316 148 192 317 222 146 377 59 105 29 419 273 272 40 252 361 153 365 425 262 390 291 410 395 347 460 442 81 20 466 418 334 493 69 212 225 90 389 496 183 116 278 128 320 283 338 112 332 337 115 424 254 73 343 10 321 226 203 127 380 412 60 169 221 374 372 76 256 206 465 4 142 312 500 299 7 416 42 24 83 247 46 402 313 253 250 345 219 471 311 16 290 430 487 324 499 450 65 107 67 445 106 449 165 282 43 55 130 109 186 78 174 121 185 352 281 381 400 110 156 351 269 359 303 197 344 242 366 11 263 218 397 102 328 426 339 138 474 37 409 268 233 215 97 489 478 84 286 356
Ta119,500,20,26005,26005,1,0, 224 330 350 277 285 354 220 7 405 172 355 232 307 335 316 28 482 57 252 420 230 304 351 385 104 14 36 343 182 110 475 83 270 175 42 265 340 489 374 29 445 64 208 156 371 367 449 395 365 446 209 456 310 493 13 127 200 26 40 364 229 143 86 95 249 431 458 227 191 11 39 260 428 255 121 134 291 193 360 48 56 344 417 465 12 325 166 63 338 331 106 274 322 324 187 429 399 497 286 373 162 97 342 236 283 279 409 392 253 118 101 215 112 380 474 217 280 424 444 250 147 52 341 4 145 370 381 263 448 46 45 41 18 188 319 124 453 88 418 470 173 244 228 336 70 157 20 248 410 276 91 419 305 135 468 323 461 189 126 186 163 267 141 237 301 196 177 262 327 211 490 165 377 298 62 334 455 148 246 8 496 398 454 243 69 488 281 84 347 90 5 153 413 96 66 103 332 137 499 140 122 329 348 44 82 114 51 309 384 185 466 2 155 61 353 495 318 416 491 214 487 219 396 99 284 434 414 38 149 300 129 406 75 299 152 264 234 333 242 33 421 339 394 235 498 269 387 257 100 138 159 328 254 386 256 451 212 303 174 469 80 24 216 128 439 376 9 136 438 192 436 202 273 85 81 311 477 102 422 207 306 151 441 297 116 476 486 315 158 238 67 400 430 293 412 479 93 478 450 435 295 6 50 268 393 117 222 59 179 266 55 19 463 278 35 218 390 271 317 484 459 132 402 251 10 272 472 432 443 221 401 54 389 180 194 123 47 198 183 321 89 302 210 58 240 312 68 171 361 480 176 368 76 16 349 150 72 3 92 98 154 73 71 223 115 425 437 213 326 34 169 383 233 206 197 119 184 440 164 78 87 289 345 362 288 294 391 358 107 239 292 261 308 462 337 168 369 366 131 352 142 139 23 31 21 359 372 258 94 452 473 25 296 471 460 481 108 190 130 282 457 74 427 375 43 494 447 231 245 464 37 195 161 241 483 60 442 27 426 314 346 363 247 146 133 404 30 170 379 203 49 485 313 290 226 204 181 407 423 205 105 201 109 225 378 320 167 22 287 500 357 53 160 77 467 397 65 15 259 433 1 111 356 415 178 411 144 79 382 32 403 17 388 408 125 199 120 275 492 113
Ta120,500,20,26457,26457,1,0, 245 406 230 339 398 131 158 47 226 439 377 314 219 453 44 111 360 452 9 326 421 149 357 237 262 38 91 189 88 215 54 278 12 376 305 327 80 272 106 146 217 22 428 5 107 16 79 450 340 85 445 333 297 282 13 72 252 134 379 306 129 437 424 277 397 256 294 266 150 394 1 389 485 166 486 114 115 363 322 349 466 210 69 440 341 183 416 127 130 323 426 46 328 193 59 496 304 497 346 104 248 447 138 460 34 71 50 480 155 49 312 196 492 135 227 390 221 321 373 259 370 123 388 498 271 469 137 124 122 188 154 454 51 82 418 121 117 375 10 332 159 288 425 285 179 17 436 378 177 98 176 408 296 295 165 63 28 96 136 147 444 302 7 258 195 249 448 382 174 87 199 470 157 35 58 345 461 391 495 206 435 442 36 422 140 483 251 153 170 141 403 120 33 335 243 222 500 481 143 231 67 286 290 125 350 78 299 400 83 64 310 383 45 457 40 499 353 4 369 142 42 359 446 37 279 427 368 39 438 380 56 273 31 205 151 482 491 236 337 8 395 61 119 57 430 334 474 76 175 93 253 161 324 162 354 23 281 101 108 90 331 132 77 449 102 30 235 358 269 133 451 434 494 156 267 319 232 298 475 27 110 478 484 234 385 97 163 216 95 343 307 139 178 207 99 20 318 409 244 423 238 417 204 144 364 407 303 209 348 441 471 344 404 41 223 198 313 308 464 53 429 105 168 52 180 458 254 275 89 463 384 203 443 201 402 192 325 26 148 65 185 264 75 415 317 336 190 374 361 250 126 74 362 329 420 347 118 283 284 276 242 172 194 29 356 128 197 18 220 186 113 173 233 211 487 191 381 2 355 171 3 392 300 109 311 270 393 287 6 315 224 160 352 479 477 419 60 399 265 55 169 247 455 181 401 239 320 68 367 202 145 476 43 293 92 246 19 366 330 432 212 372 386 405 488 62 274 462 261 431 490 200 260 73 365 11 410 228 24 164 411 100 433 214 187 342 456 316 21 292 301 489 289 48 255 371 152 309 66 229 103 184 472 413 94 467 241 465 213 414 493 459 351 167 240 25 112 473 208 84 396 182 14 338 257 412 263 32 468 86 218 81 268 70 280 225 15 291 116 387
